date,humidity,temperature,station_name
2025-12-08 00:00,36,11.3,속초
2025-12-08 01:00,31,9.5,속초
2025-12-08 02:00,28,8.5,속초
2025-12-08 03:00,30,7.2,속초
2025-12-08 04:00,29,6.5,속초
2025-12-08 05:00,32,5.3,속초
2025-12-08 06:00,28,5.0,속초
2025-12-08 07:00,28,4.4,속초
2025-12-08 08:00,26,4.8,속초
2025-12-08 09:00,25,5.6,속초
2025-12-08 10:00,23,6.5,속초
2025-12-08 11:00,20,7.7,속초
2025-12-08 12:00,15,8.3,속초
2025-12-08 13:00,11,8.7,속초
2025-12-08 14:00,27,7.9,속초
2025-12-08 15:00,28,8.0,속초
2025-12-08 16:00,26,7.9,속초
2025-12-08 17:00,17,6.4,속초
2025-12-08 18:00,19,5.4,속초
2025-12-08 19:00,20,5.1,속초
2025-12-08 20:00,21,4.4,속초
2025-12-08 21:00,21,4.3,속초
2025-12-08 22:00,22,3.8,속초
2025-12-08 23:00,25,2.8,속초
2025-12-08 00:00,47,7.1,북춘천
2025-12-08 01:00,39,6.8,북춘천
2025-12-08 02:00,37,6.0,북춘천
2025-12-08 03:00,34,5.3,북춘천
2025-12-08 04:00,41,2.8,북춘천
2025-12-08 05:00,48,0.7,북춘천
2025-12-08 06:00,60,-0.7,북춘천
2025-12-08 07:00,71,-2.5,북춘천
2025-12-08 08:00,71,-2.3,북춘천
2025-12-08 09:00,69,-0.6,북춘천
2025-12-08 10:00,44,3.5,북춘천
2025-12-08 11:00,33,4.7,북춘천
2025-12-08 12:00,27,5.5,북춘천
2025-12-08 13:00,18,7.0,북춘천
2025-12-08 14:00,16,7.0,북춘천
2025-12-08 15:00,20,6.7,북춘천
2025-12-08 16:00,19,6.1,북춘천
2025-12-08 17:00,22,4.4,북춘천
2025-12-08 18:00,37,1.0,북춘천
2025-12-08 19:00,48,-1.0,북춘천
2025-12-08 20:00,58,-2.7,북춘천
2025-12-08 21:00,59,-3.1,북춘천
2025-12-08 22:00,70,-4.6,북춘천
2025-12-08 23:00,68,-4.7,북춘천
2025-12-08 00:00,67,4.7,철원
2025-12-08 01:00,56,4.5,철원
2025-12-08 02:00,51,3.9,철원
2025-12-08 03:00,59,2.5,철원
2025-12-08 04:00,71,0.6,철원
2025-12-08 05:00,53,1.8,철원
2025-12-08 06:00,60,0.2,철원
2025-12-08 07:00,72,-1.9,철원
2025-12-08 08:00,90,-3.6,철원
2025-12-08 09:00,83,-1.6,철원
2025-12-08 10:00,50,2.2,철원
2025-12-08 11:00,42,3.2,철원
2025-12-08 12:00,40,4.5,철원
2025-12-08 13:00,34,4.9,철원
2025-12-08 14:00,28,5.2,철원
2025-12-08 15:00,25,5.1,철원
2025-12-08 16:00,30,4.1,철원
2025-12-08 17:00,29,3.2,철원
2025-12-08 18:00,31,2.3,철원
2025-12-08 19:00,63,-1.6,철원
2025-12-08 20:00,68,-2.5,철원
2025-12-08 21:00,77,-3.5,철원
2025-12-08 22:00,80,-4.2,철원
2025-12-08 23:00,81,-4.1,철원
2025-12-08 00:00,53,5.5,동두천
2025-12-08 01:00,48,4.8,동두천
2025-12-08 02:00,49,4.2,동두천
2025-12-08 03:00,50,3.1,동두천
2025-12-08 04:00,44,2.8,동두천
2025-12-08 05:00,49,1.3,동두천
2025-12-08 06:00,47,1.2,동두천
2025-12-08 07:00,50,0.6,동두천
2025-12-08 08:00,58,-0.6,동두천
2025-12-08 09:00,48,1.7,동두천
2025-12-08 10:00,45,2.5,동두천
2025-12-08 11:00,39,3.7,동두천
2025-12-08 12:00,35,4.3,동두천
2025-12-08 13:00,29,6.1,동두천
2025-12-08 14:00,26,6.4,동두천
2025-12-08 15:00,25,6.5,동두천
2025-12-08 16:00,25,5.6,동두천
2025-12-08 17:00,34,3.5,동두천
2025-12-08 18:00,39,2.0,동두천
2025-12-08 19:00,40,1.3,동두천
2025-12-08 20:00,48,0.0,동두천
2025-12-08 21:00,50,-1.2,동두천
2025-12-08 22:00,52,-1.3,동두천
2025-12-08 23:00,63,-2.8,동두천
2025-12-08 00:00,80,3.0,파주
2025-12-08 01:00,80,1.0,파주
2025-12-08 02:00,84,-0.3,파주
2025-12-08 03:00,86,-1.6,파주
2025-12-08 04:00,88,-1.7,파주
2025-12-08 05:00,86,-2.5,파주
2025-12-08 06:00,77,-1.2,파주
2025-12-08 07:00,74,-1.6,파주
2025-12-08 08:00,73,-2.4,파주
2025-12-08 09:00,64,0.2,파주
2025-12-08 10:00,56,1.7,파주
2025-12-08 11:00,51,3.4,파주
2025-12-08 12:00,41,4.3,파주
2025-12-08 13:00,35,4.8,파주
2025-12-08 14:00,37,5.4,파주
2025-12-08 15:00,32,5.3,파주
2025-12-08 16:00,32,4.9,파주
2025-12-08 17:00,32,3.5,파주
2025-12-08 18:00,39,1.2,파주
2025-12-08 19:00,43,0.1,파주
2025-12-08 20:00,45,-0.3,파주
2025-12-08 21:00,48,-1.1,파주
2025-12-08 22:00,54,-2.3,파주
2025-12-08 23:00,64,-3.4,파주
2025-12-08 00:00,68,4.5,대관령
2025-12-08 01:00,69,3.7,대관령
2025-12-08 02:00,65,2.7,대관령
2025-12-08 03:00,49,1.2,대관령
2025-12-08 04:00,53,0.0,대관령
2025-12-08 05:00,39,-0.8,대관령
2025-12-08 06:00,42,-1.3,대관령
2025-12-08 07:00,43,-1.9,대관령
2025-12-08 08:00,44,-2.1,대관령
2025-12-08 09:00,37,-0.7,대관령
2025-12-08 10:00,30,0.5,대관령
2025-12-08 11:00,21,1.8,대관령
2025-12-08 12:00,16,3.0,대관령
2025-12-08 13:00,14,3.5,대관령
2025-12-08 14:00,18,3.6,대관령
2025-12-08 15:00,19,2.9,대관령
2025-12-08 16:00,19,2.1,대관령
2025-12-08 17:00,25,0.3,대관령
2025-12-08 18:00,29,-1.0,대관령
2025-12-08 19:00,28,-1.7,대관령
2025-12-08 20:00,30,-2.3,대관령
2025-12-08 21:00,34,-3.0,대관령
2025-12-08 22:00,35,-3.5,대관령
2025-12-08 23:00,38,-3.8,대관령
2025-12-08 00:00,49,7.9,춘천
2025-12-08 01:00,48,7.0,춘천
2025-12-08 02:00,62,3.2,춘천
2025-12-08 03:00,36,4.7,춘천
2025-12-08 04:00,39,3.2,춘천
2025-12-08 05:00,58,0.5,춘천
2025-12-08 06:00,69,-1.7,춘천
2025-12-08 07:00,79,-2.7,춘천
2025-12-08 08:00,80,-3.2,춘천
2025-12-08 09:00,74,-0.2,춘천
2025-12-08 10:00,40,4.1,춘천
2025-12-08 11:00,32,6.3,춘천
2025-12-08 12:00,26,7.2,춘천
2025-12-08 13:00,23,8.4,춘천
2025-12-08 14:00,16,8.0,춘천
2025-12-08 15:00,19,7.6,춘천
2025-12-08 16:00,21,6.8,춘천
2025-12-08 17:00,25,4.8,춘천
2025-12-08 18:00,31,3.0,춘천
2025-12-08 19:00,41,0.2,춘천
2025-12-08 20:00,57,-1.0,춘천
2025-12-08 21:00,68,-2.8,춘천
2025-12-08 22:00,70,-3.9,춘천
2025-12-08 23:00,74,-4.8,춘천
2025-12-08 00:00,47,10.9,북강릉
2025-12-08 01:00,40,10.8,북강릉
2025-12-08 02:00,36,9.5,북강릉
2025-12-08 03:00,40,8.2,북강릉
2025-12-08 04:00,23,7.5,북강릉
2025-12-08 05:00,22,6.3,북강릉
2025-12-08 06:00,28,4.2,북강릉
2025-12-08 07:00,25,4.5,북강릉
2025-12-08 08:00,28,3.2,북강릉
2025-12-08 09:00,21,5.7,북강릉
2025-12-08 10:00,18,6.8,북강릉
2025-12-08 11:00,15,7.5,북강릉
2025-12-08 12:00,14,8.1,북강릉
2025-12-08 13:00,17,8.8,북강릉
2025-12-08 14:00,13,8.6,북강릉
2025-12-08 15:00,12,8.5,북강릉
2025-12-08 16:00,14,8.6,북강릉
2025-12-08 17:00,21,6.1,북강릉
2025-12-08 18:00,21,5.7,북강릉
2025-12-08 19:00,23,4.4,북강릉
2025-12-08 20:00,22,3.5,북강릉
2025-12-08 21:00,25,2.5,북강릉
2025-12-08 22:00,27,1.7,북강릉
2025-12-08 23:00,28,1.7,북강릉
2025-12-08 00:00,44,12.2,강릉
2025-12-08 01:00,43,11.5,강릉
2025-12-08 02:00,37,10.6,강릉
2025-12-08 03:00,34,9.2,강릉
2025-12-08 04:00,34,8.1,강릉
2025-12-08 05:00,21,7.3,강릉
2025-12-08 06:00,24,6.0,강릉
2025-12-08 07:00,25,5.2,강릉
2025-12-08 08:00,27,4.8,강릉
2025-12-08 09:00,25,6.7,강릉
2025-12-08 10:00,16,7.8,강릉
2025-12-08 11:00,14,8.8,강릉
2025-12-08 12:00,13,9.0,강릉
2025-12-08 13:00,15,9.3,강릉
2025-12-08 14:00,13,9.4,강릉
2025-12-08 15:00,23,10.2,강릉
2025-12-08 16:00,28,9.0,강릉
2025-12-08 17:00,29,7.6,강릉
2025-12-08 18:00,21,6.6,강릉
2025-12-08 19:00,21,6.2,강릉
2025-12-08 20:00,21,5.6,강릉
2025-12-08 21:00,22,5.1,강릉
2025-12-08 22:00,22,4.7,강릉
2025-12-08 23:00,24,4.2,강릉
2025-12-08 00:00,35,12.7,동해
2025-12-08 01:00,39,11.9,동해
2025-12-08 02:00,34,10.7,동해
2025-12-08 03:00,33,9.8,동해
2025-12-08 04:00,27,8.5,동해
2025-12-08 05:00,24,7.4,동해
2025-12-08 06:00,21,6.5,동해
2025-12-08 07:00,22,6.0,동해
2025-12-08 08:00,23,5.8,동해
2025-12-08 09:00,18,7.0,동해
2025-12-08 10:00,14,7.9,동해
2025-12-08 11:00,11,9.1,동해
2025-12-08 12:00,19,8.2,동해
2025-12-08 13:00,25,8.3,동해
2025-12-08 14:00,26,8.1,동해
2025-12-08 15:00,29,8.0,동해
2025-12-08 16:00,29,7.6,동해
2025-12-08 17:00,35,6.2,동해
2025-12-08 18:00,37,4.7,동해
2025-12-08 19:00,43,3.7,동해
2025-12-08 20:00,40,2.7,동해
2025-12-08 21:00,29,2.9,동해
2025-12-08 22:00,30,1.9,동해
2025-12-08 23:00,23,3.1,동해
2025-12-08 00:00,61,7.2,서울
2025-12-08 01:00,52,6.2,서울
2025-12-08 02:00,54,5.2,서울
2025-12-08 03:00,56,4.4,서울
2025-12-08 04:00,59,3.4,서울
2025-12-08 05:00,58,2.9,서울
2025-12-08 06:00,59,2.4,서울
2025-12-08 07:00,58,1.8,서울
2025-12-08 08:00,60,1.3,서울
2025-12-08 09:00,56,2.0,서울
2025-12-08 10:00,49,2.8,서울
2025-12-08 11:00,44,3.8,서울
2025-12-08 12:00,39,4.8,서울
2025-12-08 13:00,38,6.2,서울
2025-12-08 14:00,35,6.4,서울
2025-12-08 15:00,32,7.3,서울
2025-12-08 16:00,32,6.4,서울
2025-12-08 17:00,31,4.8,서울
2025-12-08 18:00,34,3.7,서울
2025-12-08 19:00,39,2.9,서울
2025-12-08 20:00,43,2.3,서울
2025-12-08 21:00,45,1.7,서울
2025-12-08 22:00,39,1.4,서울
2025-12-08 23:00,38,1.4,서울
2025-12-08 00:00,56,6.7,인천
2025-12-08 01:00,54,5.5,인천
2025-12-08 02:00,57,4.7,인천
2025-12-08 03:00,54,4.5,인천
2025-12-08 04:00,58,3.8,인천
2025-12-08 05:00,51,3.8,인천
2025-12-08 06:00,58,3.1,인천
2025-12-08 07:00,50,2.9,인천
2025-12-08 08:00,54,2.3,인천
2025-12-08 09:00,50,2.4,인천
2025-12-08 10:00,45,2.8,인천
2025-12-08 11:00,41,3.4,인천
2025-12-08 12:00,41,4.4,인천
2025-12-08 13:00,36,5.0,인천
2025-12-08 14:00,38,5.5,인천
2025-12-08 15:00,35,5.3,인천
2025-12-08 16:00,36,5.0,인천
2025-12-08 17:00,40,4.0,인천
2025-12-08 18:00,42,3.3,인천
2025-12-08 19:00,41,3.0,인천
2025-12-08 20:00,47,2.5,인천
2025-12-08 21:00,47,2.2,인천
2025-12-08 22:00,45,1.6,인천
2025-12-08 23:00,51,1.1,인천
2025-12-08 00:00,71,8.5,원주
2025-12-08 01:00,64,7.6,원주
2025-12-08 02:00,53,6.7,원주
2025-12-08 03:00,55,5.6,원주
2025-12-08 04:00,37,4.9,원주
2025-12-08 05:00,49,2.2,원주
2025-12-08 06:00,45,3.7,원주
2025-12-08 07:00,41,3.0,원주
2025-12-08 08:00,62,0.1,원주
2025-12-08 09:00,48,3.2,원주
2025-12-08 10:00,39,4.6,원주
2025-12-08 11:00,33,5.5,원주
2025-12-08 12:00,30,6.2,원주
2025-12-08 13:00,25,6.7,원주
2025-12-08 14:00,20,6.7,원주
2025-12-08 15:00,20,7.0,원주
2025-12-08 16:00,20,6.1,원주
2025-12-08 17:00,20,5.1,원주
2025-12-08 18:00,25,4.0,원주
2025-12-08 19:00,34,2.4,원주
2025-12-08 20:00,45,0.1,원주
2025-12-08 21:00,49,-0.3,원주
2025-12-08 22:00,51,-1.0,원주
2025-12-08 23:00,57,-1.7,원주
2025-12-08 00:00,64,7.4,수원
2025-12-08 01:00,44,6.7,수원
2025-12-08 02:00,45,5.5,수원
2025-12-08 03:00,46,4.6,수원
2025-12-08 04:00,44,4.3,수원
2025-12-08 05:00,52,2.4,수원
2025-12-08 06:00,56,1.6,수원
2025-12-08 07:00,52,1.6,수원
2025-12-08 08:00,58,0.8,수원
2025-12-08 09:00,44,3.3,수원
2025-12-08 10:00,36,4.3,수원
2025-12-08 11:00,33,5.0,수원
2025-12-08 12:00,29,5.8,수원
2025-12-08 13:00,24,6.4,수원
2025-12-08 14:00,21,7.0,수원
2025-12-08 15:00,21,7.4,수원
2025-12-08 16:00,35,6.6,수원
2025-12-08 17:00,38,4.9,수원
2025-12-08 18:00,41,3.2,수원
2025-12-08 19:00,49,1.7,수원
2025-12-08 20:00,50,1.0,수원
2025-12-08 21:00,53,0.2,수원
2025-12-08 22:00,57,-0.6,수원
2025-12-08 23:00,65,-1.2,수원
2025-12-08 00:00,69,9.1,영월
2025-12-08 01:00,65,7.8,영월
2025-12-08 02:00,60,7.0,영월
2025-12-08 03:00,53,6.3,영월
2025-12-08 04:00,45,5.5,영월
2025-12-08 05:00,38,4.6,영월
2025-12-08 06:00,35,3.2,영월
2025-12-08 07:00,45,1.5,영월
2025-12-08 08:00,49,0.9,영월
2025-12-08 09:00,39,3.4,영월
2025-12-08 10:00,33,5.1,영월
2025-12-08 11:00,28,5.4,영월
2025-12-08 12:00,15,6.8,영월
2025-12-08 13:00,13,7.1,영월
2025-12-08 14:00,15,7.2,영월
2025-12-08 15:00,18,7.4,영월
2025-12-08 16:00,20,6.6,영월
2025-12-08 17:00,20,5.1,영월
2025-12-08 18:00,21,3.6,영월
2025-12-08 19:00,30,1.1,영월
2025-12-08 20:00,33,0.0,영월
2025-12-08 21:00,42,-1.1,영월
2025-12-08 22:00,49,-2.7,영월
2025-12-08 23:00,51,-3.3,영월
2025-12-08 00:00,69,7.8,충주
2025-12-08 01:00,68,7.4,충주
2025-12-08 02:00,70,6.0,충주
2025-12-08 03:00,57,6.3,충주
2025-12-08 04:00,44,5.3,충주
2025-12-08 05:00,49,3.3,충주
2025-12-08 06:00,68,-0.3,충주
2025-12-08 07:00,75,-1.7,충주
2025-12-08 08:00,61,0.7,충주
2025-12-08 09:00,56,1.6,충주
2025-12-08 10:00,37,4.9,충주
2025-12-08 11:00,29,6.0,충주
2025-12-08 12:00,23,6.7,충주
2025-12-08 13:00,20,7.3,충주
2025-12-08 14:00,15,7.8,충주
2025-12-08 15:00,15,7.5,충주
2025-12-08 16:00,14,7.0,충주
2025-12-08 17:00,17,5.6,충주
2025-12-08 18:00,29,2.4,충주
2025-12-08 19:00,45,-0.4,충주
2025-12-08 20:00,46,-1.2,충주
2025-12-08 21:00,55,-2.0,충주
2025-12-08 22:00,60,-2.2,충주
2025-12-08 23:00,66,-3.0,충주
2025-12-08 00:00,53,8.7,서산
2025-12-08 01:00,50,8.2,서산
2025-12-08 02:00,45,6.8,서산
2025-12-08 03:00,48,5.0,서산
2025-12-08 04:00,46,4.1,서산
2025-12-08 05:00,47,3.1,서산
2025-12-08 06:00,57,1.8,서산
2025-12-08 07:00,62,0.5,서산
2025-12-08 08:00,38,4.2,서산
2025-12-08 09:00,42,5.3,서산
2025-12-08 10:00,35,6.4,서산
2025-12-08 11:00,37,6.8,서산
2025-12-08 12:00,41,6.7,서산
2025-12-08 13:00,39,6.7,서산
2025-12-08 14:00,33,6.8,서산
2025-12-08 15:00,30,6.6,서산
2025-12-08 16:00,36,6.1,서산
2025-12-08 17:00,36,4.9,서산
2025-12-08 18:00,47,2.3,서산
2025-12-08 19:00,58,0.3,서산
2025-12-08 20:00,65,-0.9,서산
2025-12-08 21:00,69,-1.6,서산
2025-12-08 22:00,74,-2.3,서산
2025-12-08 23:00,76,-2.6,서산
2025-12-08 00:00,51,11.6,울진
2025-12-08 01:00,46,11.5,울진
2025-12-08 02:00,34,11.7,울진
2025-12-08 03:00,35,10.2,울진
2025-12-08 04:00,35,8.9,울진
2025-12-08 05:00,36,7.8,울진
2025-12-08 06:00,35,6.1,울진
2025-12-08 07:00,33,5.1,울진
2025-12-08 08:00,27,4.8,울진
2025-12-08 09:00,23,6.6,울진
2025-12-08 10:00,15,8.5,울진
2025-12-08 11:00,12,9.5,울진
2025-12-08 12:00,15,10.2,울진
2025-12-08 13:00,22,10.4,울진
2025-12-08 14:00,21,10.1,울진
2025-12-08 15:00,24,9.3,울진
2025-12-08 16:00,28,8.5,울진
2025-12-08 17:00,32,6.7,울진
2025-12-08 18:00,41,4.6,울진
2025-12-08 19:00,44,2.9,울진
2025-12-08 20:00,40,2.2,울진
2025-12-08 21:00,37,1.5,울진
2025-12-08 22:00,29,2.2,울진
2025-12-08 23:00,38,0.7,울진
2025-12-08 00:00,58,9.3,청주
2025-12-08 01:00,59,8.8,청주
2025-12-08 02:00,56,8.3,청주
2025-12-08 03:00,37,7.5,청주
2025-12-08 04:00,36,6.6,청주
2025-12-08 05:00,36,5.8,청주
2025-12-08 06:00,38,4.9,청주
2025-12-08 07:00,41,4.0,청주
2025-12-08 08:00,44,4.0,청주
2025-12-08 09:00,39,4.8,청주
2025-12-08 10:00,31,5.8,청주
2025-12-08 11:00,23,7.3,청주
2025-12-08 12:00,20,7.7,청주
2025-12-08 13:00,17,8.6,청주
2025-12-08 14:00,17,8.5,청주
2025-12-08 15:00,16,8.1,청주
2025-12-08 16:00,22,7.6,청주
2025-12-08 17:00,20,5.9,청주
2025-12-08 18:00,24,4.9,청주
2025-12-08 19:00,31,3.7,청주
2025-12-08 20:00,41,3.2,청주
2025-12-08 21:00,43,2.7,청주
2025-12-08 22:00,46,2.2,청주
2025-12-08 23:00,50,1.6,청주
2025-12-08 00:00,65,9.7,대전
2025-12-08 01:00,65,8.4,대전
2025-12-08 02:00,66,7.8,대전
2025-12-08 03:00,53,7.5,대전
2025-12-08 04:00,41,6.1,대전
2025-12-08 05:00,37,5.2,대전
2025-12-08 06:00,39,4.4,대전
2025-12-08 07:00,42,3.5,대전
2025-12-08 08:00,50,2.7,대전
2025-12-08 09:00,40,5.3,대전
2025-12-08 10:00,34,6.9,대전
2025-12-08 11:00,25,7.9,대전
2025-12-08 12:00,14,8.7,대전
2025-12-08 13:00,15,9.0,대전
2025-12-08 14:00,15,9.0,대전
2025-12-08 15:00,14,8.8,대전
2025-12-08 16:00,16,8.1,대전
2025-12-08 17:00,21,5.6,대전
2025-12-08 18:00,24,3.4,대전
2025-12-08 19:00,26,2.0,대전
2025-12-08 20:00,29,1.3,대전
2025-12-08 21:00,35,1.4,대전
2025-12-08 22:00,40,1.2,대전
2025-12-08 23:00,47,0.2,대전
2025-12-08 00:00,70,10.1,추풍령
2025-12-08 01:00,56,9.3,추풍령
2025-12-08 02:00,58,7.9,추풍령
2025-12-08 03:00,58,7.3,추풍령
2025-12-08 04:00,56,6.6,추풍령
2025-12-08 05:00,40,5.6,추풍령
2025-12-08 06:00,36,4.6,추풍령
2025-12-08 07:00,37,3.6,추풍령
2025-12-08 08:00,35,3.5,추풍령
2025-12-08 09:00,31,4.3,추풍령
2025-12-08 10:00,27,5.3,추풍령
2025-12-08 11:00,20,5.9,추풍령
2025-12-08 12:00,16,6.4,추풍령
2025-12-08 13:00,15,7.2,추풍령
2025-12-08 14:00,15,7.8,추풍령
2025-12-08 15:00,15,7.4,추풍령
2025-12-08 16:00,15,6.5,추풍령
2025-12-08 17:00,18,5.3,추풍령
2025-12-08 18:00,24,4.1,추풍령
2025-12-08 19:00,27,2.0,추풍령
2025-12-08 20:00,32,0.1,추풍령
2025-12-08 21:00,32,-0.5,추풍령
2025-12-08 22:00,33,-0.9,추풍령
2025-12-08 23:00,38,-1.5,추풍령
2025-12-08 00:00,75,5.3,안동
2025-12-08 01:00,82,4.5,안동
2025-12-08 02:00,63,6.6,안동
2025-12-08 03:00,50,7.0,안동
2025-12-08 04:00,56,5.6,안동
2025-12-08 05:00,52,5.5,안동
2025-12-08 06:00,32,5.1,안동
2025-12-08 07:00,30,4.0,안동
2025-12-08 08:00,34,3.3,안동
2025-12-08 09:00,29,5.1,안동
2025-12-08 10:00,27,6.5,안동
2025-12-08 11:00,18,7.7,안동
2025-12-08 12:00,17,8.4,안동
2025-12-08 13:00,12,9.0,안동
2025-12-08 14:00,13,8.7,안동
2025-12-08 15:00,13,9.1,안동
2025-12-08 16:00,13,8.3,안동
2025-12-08 17:00,16,6.5,안동
2025-12-08 18:00,19,5.0,안동
2025-12-08 19:00,23,3.2,안동
2025-12-08 20:00,26,2.1,안동
2025-12-08 21:00,27,1.3,안동
2025-12-08 22:00,36,0.0,안동
2025-12-08 23:00,36,-0.5,안동
2025-12-08 00:00,68,10.9,상주
2025-12-08 01:00,52,10.1,상주
2025-12-08 02:00,55,8.9,상주
2025-12-08 03:00,51,8.1,상주
2025-12-08 04:00,55,7.2,상주
2025-12-08 05:00,36,6.5,상주
2025-12-08 06:00,29,5.6,상주
2025-12-08 07:00,28,5.0,상주
2025-12-08 08:00,30,4.5,상주
2025-12-08 09:00,31,5.1,상주
2025-12-08 10:00,25,6.8,상주
2025-12-08 11:00,17,7.5,상주
2025-12-08 12:00,13,8.3,상주
2025-12-08 13:00,14,9.6,상주
2025-12-08 14:00,14,9.3,상주
2025-12-08 15:00,13,8.8,상주
2025-12-08 16:00,16,8.0,상주
2025-12-08 17:00,16,6.8,상주
2025-12-08 18:00,19,5.4,상주
2025-12-08 19:00,25,4.4,상주
2025-12-08 20:00,27,3.7,상주
2025-12-08 21:00,29,3.0,상주
2025-12-08 22:00,30,2.4,상주
2025-12-08 23:00,35,1.5,상주
2025-12-08 00:00,55,11.2,포항
2025-12-08 01:00,55,11.0,포항
2025-12-08 02:00,55,11.3,포항
2025-12-08 03:00,48,11.7,포항
2025-12-08 04:00,36,11.2,포항
2025-12-08 05:00,37,10.1,포항
2025-12-08 06:00,40,9.3,포항
2025-12-08 07:00,35,8.5,포항
2025-12-08 08:00,27,7.6,포항
2025-12-08 09:00,22,6.9,포항
2025-12-08 10:00,19,7.8,포항
2025-12-08 11:00,17,8.9,포항
2025-12-08 12:00,13,10.0,포항
2025-12-08 13:00,13,10.3,포항
2025-12-08 14:00,13,11.4,포항
2025-12-08 15:00,13,11.1,포항
2025-12-08 16:00,11,10.7,포항
2025-12-08 17:00,12,9.6,포항
2025-12-08 18:00,14,8.0,포항
2025-12-08 19:00,15,6.8,포항
2025-12-08 20:00,16,5.7,포항
2025-12-08 21:00,18,4.9,포항
2025-12-08 22:00,20,4.2,포항
2025-12-08 23:00,23,3.6,포항
2025-12-08 00:00,74,9.7,군산
2025-12-08 01:00,64,9.2,군산
2025-12-08 02:00,68,8.7,군산
2025-12-08 03:00,64,8.4,군산
2025-12-08 04:00,61,7.2,군산
2025-12-08 05:00,61,6.3,군산
2025-12-08 06:00,50,5.6,군산
2025-12-08 07:00,48,5.0,군산
2025-12-08 08:00,55,3.5,군산
2025-12-08 09:00,56,4.6,군산
2025-12-08 10:00,46,7.1,군산
2025-12-08 11:00,35,7.7,군산
2025-12-08 12:00,29,8.6,군산
2025-12-08 13:00,30,8.8,군산
2025-12-08 14:00,34,9.2,군산
2025-12-08 15:00,44,8.2,군산
2025-12-08 16:00,47,7.5,군산
2025-12-08 17:00,47,6.3,군산
2025-12-08 18:00,44,4.9,군산
2025-12-08 19:00,47,3.3,군산
2025-12-08 20:00,53,1.8,군산
2025-12-08 21:00,51,1.7,군산
2025-12-08 22:00,58,1.8,군산
2025-12-08 23:00,67,0.2,군산
2025-12-08 00:00,76,5.8,대구
2025-12-08 01:00,76,6.0,대구
2025-12-08 02:00,75,6.5,대구
2025-12-08 03:00,63,9.0,대구
2025-12-08 04:00,55,9.1,대구
2025-12-08 05:00,53,8.5,대구
2025-12-08 06:00,42,7.9,대구
2025-12-08 07:00,30,7.1,대구
2025-12-08 08:00,23,6.5,대구
2025-12-08 09:00,21,6.5,대구
2025-12-08 10:00,17,7.2,대구
2025-12-08 11:00,17,8.1,대구
2025-12-08 12:00,15,9.0,대구
2025-12-08 13:00,15,9.5,대구
2025-12-08 14:00,15,10.3,대구
2025-12-08 15:00,13,10.3,대구
2025-12-08 16:00,12,10.1,대구
2025-12-08 17:00,13,8.7,대구
2025-12-08 18:00,15,7.6,대구
2025-12-08 19:00,17,6.5,대구
2025-12-08 20:00,24,4.4,대구
2025-12-08 21:00,25,3.5,대구
2025-12-08 22:00,23,4.7,대구
2025-12-08 23:00,24,3.9,대구
2025-12-08 00:00,73,9.8,전주
2025-12-08 01:00,73,9.3,전주
2025-12-08 02:00,69,8.8,전주
2025-12-08 03:00,64,8.8,전주
2025-12-08 04:00,68,7.3,전주
2025-12-08 05:00,54,6.2,전주
2025-12-08 06:00,51,4.8,전주
2025-12-08 07:00,50,3.7,전주
2025-12-08 08:00,49,3.5,전주
2025-12-08 09:00,41,5.7,전주
2025-12-08 10:00,35,7.4,전주
2025-12-08 11:00,32,8.0,전주
2025-12-08 12:00,27,8.5,전주
2025-12-08 13:00,27,9.0,전주
2025-12-08 14:00,22,9.2,전주
2025-12-08 15:00,23,9.2,전주
2025-12-08 16:00,23,9.1,전주
2025-12-08 17:00,39,7.1,전주
2025-12-08 18:00,42,5.6,전주
2025-12-08 19:00,42,4.6,전주
2025-12-08 20:00,39,3.2,전주
2025-12-08 21:00,37,2.8,전주
2025-12-08 22:00,40,2.1,전주
2025-12-08 23:00,47,1.4,전주
2025-12-08 00:00,64,10.3,울산
2025-12-08 01:00,69,8.4,울산
2025-12-08 02:00,67,8.9,울산
2025-12-08 03:00,72,7.9,울산
2025-12-08 04:00,65,8.8,울산
2025-12-08 05:00,44,10.3,울산
2025-12-08 06:00,46,9.4,울산
2025-12-08 07:00,47,8.7,울산
2025-12-08 08:00,32,8.0,울산
2025-12-08 09:00,25,7.6,울산
2025-12-08 10:00,19,7.6,울산
2025-12-08 11:00,15,8.1,울산
2025-12-08 12:00,17,8.2,울산
2025-12-08 13:00,14,9.3,울산
2025-12-08 14:00,13,9.5,울산
2025-12-08 15:00,13,9.6,울산
2025-12-08 16:00,14,8.9,울산
2025-12-08 17:00,15,8.1,울산
2025-12-08 18:00,17,6.1,울산
2025-12-08 19:00,18,4.9,울산
2025-12-08 20:00,16,5.0,울산
2025-12-08 21:00,17,4.3,울산
2025-12-08 22:00,20,3.5,울산
2025-12-08 23:00,23,3.2,울산
2025-12-08 00:00,84,8.4,창원
2025-12-08 01:00,81,8.0,창원
2025-12-08 02:00,77,7.5,창원
2025-12-08 03:00,80,7.4,창원
2025-12-08 04:00,68,9.0,창원
2025-12-08 05:00,40,11.0,창원
2025-12-08 06:00,48,9.5,창원
2025-12-08 07:00,47,9.2,창원
2025-12-08 08:00,48,8.2,창원
2025-12-08 09:00,32,8.5,창원
2025-12-08 10:00,29,8.8,창원
2025-12-08 11:00,23,9.1,창원
2025-12-08 12:00,17,10.1,창원
2025-12-08 13:00,15,11.2,창원
2025-12-08 14:00,16,10.2,창원
2025-12-08 15:00,15,10.1,창원
2025-12-08 16:00,16,10.0,창원
2025-12-08 17:00,16,8.9,창원
2025-12-08 18:00,16,8.2,창원
2025-12-08 19:00,16,7.9,창원
2025-12-08 20:00,16,7.2,창원
2025-12-08 21:00,16,6.8,창원
2025-12-08 22:00,18,6.1,창원
2025-12-08 23:00,20,5.3,창원
2025-12-08 00:00,80,10.3,광주
2025-12-08 01:00,69,9.8,광주
2025-12-08 02:00,67,9.6,광주
2025-12-08 03:00,69,9.1,광주
2025-12-08 04:00,61,9.3,광주
2025-12-08 05:00,50,8.6,광주
2025-12-08 06:00,54,7.5,광주
2025-12-08 07:00,54,6.7,광주
2025-12-08 08:00,42,6.4,광주
2025-12-08 09:00,35,7.4,광주
2025-12-08 10:00,26,8.5,광주
2025-12-08 11:00,26,9.4,광주
2025-12-08 12:00,23,9.4,광주
2025-12-08 13:00,26,9.9,광주
2025-12-08 14:00,27,9.5,광주
2025-12-08 15:00,29,9.7,광주
2025-12-08 16:00,27,8.5,광주
2025-12-08 17:00,30,6.9,광주
2025-12-08 18:00,33,6.0,광주
2025-12-08 19:00,38,4.0,광주
2025-12-08 20:00,39,3.7,광주
2025-12-08 21:00,40,3.6,광주
2025-12-08 22:00,45,3.2,광주
2025-12-08 23:00,49,2.6,광주
2025-12-08 00:00,65,11.7,부산
2025-12-08 01:00,61,10.9,부산
2025-12-08 02:00,63,10.5,부산
2025-12-08 03:00,60,10.7,부산
2025-12-08 04:00,59,10.6,부산
2025-12-08 05:00,56,10.3,부산
2025-12-08 06:00,46,10.3,부산
2025-12-08 07:00,50,9.3,부산
2025-12-08 08:00,45,8.9,부산
2025-12-08 09:00,31,8.7,부산
2025-12-08 10:00,23,9.5,부산
2025-12-08 11:00,21,9.7,부산
2025-12-08 12:00,16,10.6,부산
2025-12-08 13:00,15,11.6,부산
2025-12-08 14:00,15,12.5,부산
2025-12-08 15:00,15,11.5,부산
2025-12-08 16:00,12,11.8,부산
2025-12-08 17:00,15,9.2,부산
2025-12-08 18:00,16,7.8,부산
2025-12-08 19:00,16,7.6,부산
2025-12-08 20:00,20,6.7,부산
2025-12-08 21:00,21,6.3,부산
2025-12-08 22:00,20,5.7,부산
2025-12-08 23:00,20,5.2,부산
2025-12-08 00:00,59,11.6,통영
2025-12-08 01:00,62,11.8,통영
2025-12-08 02:00,67,11.0,통영
2025-12-08 03:00,69,10.8,통영
2025-12-08 04:00,72,10.3,통영
2025-12-08 05:00,67,10.2,통영
2025-12-08 06:00,66,9.0,통영
2025-12-08 07:00,48,9.3,통영
2025-12-08 08:00,49,8.8,통영
2025-12-08 09:00,48,9.2,통영
2025-12-08 10:00,38,10.0,통영
2025-12-08 11:00,28,10.5,통영
2025-12-08 12:00,23,10.8,통영
2025-12-08 13:00,18,11.4,통영
2025-12-08 14:00,19,11.7,통영
2025-12-08 15:00,19,11.1,통영
2025-12-08 16:00,18,11.1,통영
2025-12-08 17:00,21,9.4,통영
2025-12-08 18:00,29,6.9,통영
2025-12-08 19:00,31,6.0,통영
2025-12-08 20:00,27,5.6,통영
2025-12-08 21:00,28,5.0,통영
2025-12-08 22:00,36,4.4,통영
2025-12-08 23:00,39,3.4,통영
2025-12-08 00:00,69,10.7,목포
2025-12-08 01:00,67,10.2,목포
2025-12-08 02:00,68,9.8,목포
2025-12-08 03:00,55,9.8,목포
2025-12-08 04:00,61,9.5,목포
2025-12-08 05:00,59,9.3,목포
2025-12-08 06:00,54,8.9,목포
2025-12-08 07:00,55,8.2,목포
2025-12-08 08:00,56,8.0,목포
2025-12-08 09:00,58,7.5,목포
2025-12-08 10:00,45,8.2,목포
2025-12-08 11:00,41,8.5,목포
2025-12-08 12:00,41,8.6,목포
2025-12-08 13:00,44,8.9,목포
2025-12-08 14:00,43,8.6,목포
2025-12-08 15:00,52,7.9,목포
2025-12-08 16:00,52,7.3,목포
2025-12-08 17:00,52,6.6,목포
2025-12-08 18:00,55,6.0,목포
2025-12-08 19:00,59,5.6,목포
2025-12-08 20:00,59,4.8,목포
2025-12-08 21:00,62,5.0,목포
2025-12-08 22:00,63,5.0,목포
2025-12-08 23:00,63,3.7,목포
2025-12-08 00:00,65,11.3,여수
2025-12-08 01:00,70,11.0,여수
2025-12-08 02:00,73,10.9,여수
2025-12-08 03:00,57,10.2,여수
2025-12-08 04:00,51,9.6,여수
2025-12-08 05:00,54,9.3,여수
2025-12-08 06:00,54,9.0,여수
2025-12-08 07:00,48,8.7,여수
2025-12-08 08:00,43,8.4,여수
2025-12-08 09:00,31,8.3,여수
2025-12-08 10:00,26,8.6,여수
2025-12-08 11:00,21,9.0,여수
2025-12-08 12:00,16,9.7,여수
2025-12-08 13:00,14,10.4,여수
2025-12-08 14:00,13,11.1,여수
2025-12-08 15:00,14,11.2,여수
2025-12-08 16:00,16,10.8,여수
2025-12-08 17:00,17,9.8,여수
2025-12-08 18:00,20,8.5,여수
2025-12-08 19:00,24,7.7,여수
2025-12-08 20:00,30,6.8,여수
2025-12-08 21:00,36,5.9,여수
2025-12-08 22:00,40,5.4,여수
2025-12-08 23:00,43,4.9,여수
2025-12-08 00:00,79,12.2,완도
2025-12-08 01:00,64,11.5,완도
2025-12-08 02:00,62,9.9,완도
2025-12-08 03:00,65,9.6,완도
2025-12-08 04:00,59,9.2,완도
2025-12-08 05:00,59,9.0,완도
2025-12-08 06:00,58,8.7,완도
2025-12-08 07:00,55,7.6,완도
2025-12-08 08:00,54,7.8,완도
2025-12-08 09:00,53,9.0,완도
2025-12-08 10:00,44,10.9,완도
2025-12-08 11:00,36,11.7,완도
2025-12-08 12:00,35,12.1,완도
2025-12-08 13:00,35,12.1,완도
2025-12-08 14:00,35,11.9,완도
2025-12-08 15:00,36,11.6,완도
2025-12-08 16:00,42,10.3,완도
2025-12-08 17:00,48,7.6,완도
2025-12-08 18:00,48,6.2,완도
2025-12-08 19:00,54,5.1,완도
2025-12-08 20:00,55,4.5,완도
2025-12-08 21:00,55,4.3,완도
2025-12-08 22:00,49,4.5,완도
2025-12-08 23:00,52,4.2,완도
2025-12-08 00:00,72,9.7,고창
2025-12-08 01:00,66,9.3,고창
2025-12-08 02:00,61,9.1,고창
2025-12-08 03:00,60,9.1,고창
2025-12-08 04:00,48,8.6,고창
2025-12-08 05:00,51,8.1,고창
2025-12-08 06:00,57,6.8,고창
2025-12-08 07:00,47,6.2,고창
2025-12-08 08:00,52,4.6,고창
2025-12-08 09:00,45,6.0,고창
2025-12-08 10:00,37,7.9,고창
2025-12-08 11:00,32,8.6,고창
2025-12-08 12:00,32,9.1,고창
2025-12-08 13:00,36,8.8,고창
2025-12-08 14:00,34,8.5,고창
2025-12-08 15:00,37,7.9,고창
2025-12-08 16:00,37,7.0,고창
2025-12-08 17:00,41,5.9,고창
2025-12-08 18:00,51,3.7,고창
2025-12-08 19:00,57,1.8,고창
2025-12-08 20:00,60,1.0,고창
2025-12-08 21:00,61,0.6,고창
2025-12-08 22:00,73,-1.2,고창
2025-12-08 23:00,71,-1.3,고창
2025-12-08 00:00,89,3.7,순천
2025-12-08 01:00,89,3.9,순천
2025-12-08 02:00,60,8.3,순천
2025-12-08 03:00,62,7.9,순천
2025-12-08 04:00,59,7.8,순천
2025-12-08 05:00,55,7.5,순천
2025-12-08 06:00,51,6.9,순천
2025-12-08 07:00,55,6.1,순천
2025-12-08 08:00,41,5.8,순천
2025-12-08 09:00,35,5.7,순천
2025-12-08 10:00,23,6.4,순천
2025-12-08 11:00,17,7.9,순천
2025-12-08 12:00,16,8.9,순천
2025-12-08 13:00,14,9.6,순천
2025-12-08 14:00,16,8.9,순천
2025-12-08 15:00,15,9.4,순천
2025-12-08 16:00,21,8.3,순천
2025-12-08 17:00,24,6.5,순천
2025-12-08 18:00,30,5.4,순천
2025-12-08 19:00,36,4.3,순천
2025-12-08 20:00,41,3.2,순천
2025-12-08 21:00,44,2.6,순천
2025-12-08 22:00,45,2.2,순천
2025-12-08 23:00,47,1.7,순천
2025-12-08 00:00,56,9.4,홍성
2025-12-08 01:00,51,9.1,홍성
2025-12-08 02:00,51,7.4,홍성
2025-12-08 03:00,52,6.2,홍성
2025-12-08 04:00,57,4.4,홍성
2025-12-08 05:00,58,3.4,홍성
2025-12-08 06:00,54,3.6,홍성
2025-12-08 07:00,64,1.6,홍성
2025-12-08 08:00,48,4.1,홍성
2025-12-08 09:00,45,5.8,홍성
2025-12-08 10:00,36,6.5,홍성
2025-12-08 11:00,33,7.3,홍성
2025-12-08 12:00,37,7.6,홍성
2025-12-08 13:00,35,7.7,홍성
2025-12-08 14:00,31,7.7,홍성
2025-12-08 15:00,27,7.4,홍성
2025-12-08 16:00,30,6.8,홍성
2025-12-08 17:00,37,5.4,홍성
2025-12-08 18:00,45,3.7,홍성
2025-12-08 19:00,50,2.1,홍성
2025-12-08 20:00,57,0.1,홍성
2025-12-08 21:00,65,-0.6,홍성
2025-12-08 22:00,65,-0.6,홍성
2025-12-08 23:00,74,-2.0,홍성
2025-12-08 00:00,92,2.4,진주
2025-12-08 01:00,93,1.9,진주
2025-12-08 02:00,94,1.7,진주
2025-12-08 03:00,95,2.1,진주
2025-12-08 04:00,94,2.7,진주
2025-12-08 05:00,94,2.5,진주
2025-12-08 06:00,94,2.3,진주
2025-12-08 07:00,84,5.0,진주
2025-12-08 08:00,55,7.5,진주
2025-12-08 09:00,34,8.1,진주
2025-12-08 10:00,25,8.6,진주
2025-12-08 11:00,19,9.3,진주
2025-12-08 12:00,16,10.5,진주
2025-12-08 13:00,13,11.6,진주
2025-12-08 14:00,14,12.1,진주
2025-12-08 15:00,14,12.1,진주
2025-12-08 16:00,16,11.7,진주
2025-12-08 17:00,20,9.6,진주
2025-12-08 18:00,32,5.8,진주
2025-12-08 19:00,41,3.3,진주
2025-12-08 20:00,50,1.3,진주
2025-12-08 21:00,55,-0.2,진주
2025-12-08 22:00,59,-1.0,진주
2025-12-08 23:00,62,-1.6,진주
2025-12-08 00:00,54,5.5,강화
2025-12-08 01:00,50,4.9,강화
2025-12-08 02:00,52,3.8,강화
2025-12-08 03:00,76,0.4,강화
2025-12-08 04:00,68,1.3,강화
2025-12-08 05:00,55,3.3,강화
2025-12-08 06:00,54,2.6,강화
2025-12-08 07:00,56,1.5,강화
2025-12-08 08:00,50,1.5,강화
2025-12-08 09:00,46,2.3,강화
2025-12-08 10:00,44,2.9,강화
2025-12-08 11:00,38,3.8,강화
2025-12-08 12:00,33,4.2,강화
2025-12-08 13:00,37,5.0,강화
2025-12-08 14:00,32,5.5,강화
2025-12-08 15:00,35,5.0,강화
2025-12-08 16:00,35,4.9,강화
2025-12-08 17:00,39,3.6,강화
2025-12-08 18:00,59,-0.1,강화
2025-12-08 19:00,68,-0.9,강화
2025-12-08 20:00,55,-0.5,강화
2025-12-08 21:00,49,1.3,강화
2025-12-08 22:00,49,1.3,강화
2025-12-08 23:00,54,1.0,강화
2025-12-08 00:00,60,8.5,양평
2025-12-08 01:00,54,7.4,양평
2025-12-08 02:00,50,6.5,양평
2025-12-08 03:00,45,5.8,양평
2025-12-08 04:00,44,5.2,양평
2025-12-08 05:00,48,3.7,양평
2025-12-08 06:00,53,2.8,양평
2025-12-08 07:00,66,1.6,양평
2025-12-08 08:00,70,0.4,양평
2025-12-08 09:00,62,2.2,양평
2025-12-08 10:00,39,4.9,양평
2025-12-08 11:00,33,6.0,양평
2025-12-08 12:00,29,6.9,양평
2025-12-08 13:00,25,7.1,양평
2025-12-08 14:00,22,7.3,양평
2025-12-08 15:00,19,7.5,양평
2025-12-08 16:00,24,6.9,양평
2025-12-08 17:00,28,5.8,양평
2025-12-08 18:00,33,4.5,양평
2025-12-08 19:00,39,3.4,양평
2025-12-08 20:00,48,1.5,양평
2025-12-08 21:00,57,0.7,양평
2025-12-08 22:00,67,-0.2,양평
2025-12-08 23:00,64,-0.8,양평
2025-12-08 00:00,68,8.1,이천
2025-12-08 01:00,63,7.4,이천
2025-12-08 02:00,56,6.2,이천
2025-12-08 03:00,56,4.9,이천
2025-12-08 04:00,56,3.7,이천
2025-12-08 05:00,59,2.9,이천
2025-12-08 06:00,63,1.9,이천
2025-12-08 07:00,55,2.3,이천
2025-12-08 08:00,59,1.5,이천
2025-12-08 09:00,45,4.0,이천
2025-12-08 10:00,41,5.0,이천
2025-12-08 11:00,37,6.3,이천
2025-12-08 12:00,26,7.1,이천
2025-12-08 13:00,28,7.9,이천
2025-12-08 14:00,23,8.4,이천
2025-12-08 15:00,21,8.0,이천
2025-12-08 16:00,21,7.2,이천
2025-12-08 17:00,24,5.3,이천
2025-12-08 18:00,26,3.9,이천
2025-12-08 19:00,30,3.2,이천
2025-12-08 20:00,38,1.6,이천
2025-12-08 21:00,44,0.7,이천
2025-12-08 22:00,50,0.4,이천
2025-12-08 23:00,53,-1.0,이천
2025-12-08 00:00,46,8.4,인제
2025-12-08 01:00,40,6.5,인제
2025-12-08 02:00,34,6.1,인제
2025-12-08 03:00,35,5.1,인제
2025-12-08 04:00,37,4.5,인제
2025-12-08 05:00,38,3.6,인제
2025-12-08 06:00,38,2.9,인제
2025-12-08 07:00,59,-0.7,인제
2025-12-08 08:00,65,-1.5,인제
2025-12-08 09:00,59,-0.2,인제
2025-12-08 10:00,40,4.1,인제
2025-12-08 11:00,31,4.8,인제
2025-12-08 12:00,24,5.1,인제
2025-12-08 13:00,21,6.3,인제
2025-12-08 14:00,17,6.1,인제
2025-12-08 15:00,16,6.4,인제
2025-12-08 16:00,18,5.5,인제
2025-12-08 17:00,27,3.2,인제
2025-12-08 18:00,41,0.6,인제
2025-12-08 19:00,49,-0.9,인제
2025-12-08 20:00,50,-1.7,인제
2025-12-08 21:00,60,-2.7,인제
2025-12-08 22:00,62,-3.3,인제
2025-12-08 23:00,66,-3.9,인제
